Make,Model,Cylinders,Transmission,Fuel_type ,City_Fuel ,Hwy_Fuel ,Comb_Fuel ,Emission_co2 ,Rating_Co2 ,Smog_Rating 
Acura,ILX,4,AM8,Z,9.9,7,8.6,199,6,3
Acura,MDX SH-AWD,6,AS9,Z,12.3,9.2,10.9,254,4,3
Acura,MDX SH-AWD A-SPEC,6,AS9,Z,12.2,9.5,11,258,4,3
Acura,MDX Hybrid AWD,6,AM7,Z,9.1,9,9,210,5,3
Acura,RDX AWD,4,AS10,Z,11,8.6,9.9,232,5,6
Acura,RDX AWD A-SPEC,4,AS10,Z,11.3,9.1,10.3,241,5,6
Acura,RLX Hybrid,6,AM7,Z,8.4,8.2,8.4,196,6,7
Acura,TLX A-SPEC,4,AM8,Z,10.2,7.4,8.9,209,5,3
Acura,TLX SH-AWD,6,AS9,Z,11.4,7.7,9.8,228,5,3
Acura,TLX SH-AWD A-SPEC/Limited Edition,6,AS9,Z,12,8.2,10.3,240,5,3
Alfa Romeo,4C Spider,4,AM6,Z,9.7,6.9,8.4,197,6,1
Alfa Romeo,Giulia,4,A8,Z,10,7.2,8.7,205,6,3
Alfa Romeo,Giulia AWD,4,A8,Z,10.5,7.7,9.2,217,5,3
Alfa Romeo,Giulia Quadrifoglio,6,A8,Z,13.5,9.3,11.6,271,4,3
Alfa Romeo,Stelvio,4,A8,Z,10.3,8.1,9.3,218,5,3
Alfa Romeo,Stelvio AWD,4,A8,Z,10.8,8.3,9.6,226,5,3
Alfa Romeo,Stelvio AWD Quadrifoglio,6,A8,Z,13.9,10.3,12.3,288,3,3
Aston Martin,DB11 V8,8,A8,Z,13,9.8,11.5,271,4,3
Aston Martin,DB11 AMR,12,A8,Z,15.5,10.6,13.3,312,3,3
Aston Martin,DBS Superleggera,12,A8,Z,16.4,10.7,13.8,324,3,3
Aston Martin,Vantage V8,8,A8,Z,13.1,9.6,11.5,270,4,3
Aston Martin,Vantage V8,8,M7,Z,16.7,11.2,14.2,333,3,3
Audi,A3,4,AM7,X,8.8,6.5,7.8,182,7,7
Audi,A3 quattro,4,AM7,X,10.8,8,9.5,224,5,7
Audi,A3 Cabriolet quattro,4,AM7,X,10.8,8,9.5,224,5,7
Audi,A4 quattro,4,AM7,Z,10,7.3,8.8,205,6,3
Audi,A4 allroad quattro,4,AM7,Z,10,7.4,8.8,206,6,3
Audi,A5 quattro,4,AM7,Z,10,7.3,8.8,205,6,3
Audi,A5 Cabriolet quattro,4,AM7,Z,10,7.4,8.8,206,6,3
Audi,A5 Sportback quattro,4,AM7,Z,10,7.3,8.8,205,6,3
Audi,A6 quattro ,4,AM7,Z,9.8,7.4,8.7,205,6,5
Audi,A6 quattro ,6,AM7,Z,10.9,8.2,9.7,227,5,5
Audi,A6 allroad ,6,AM7,Z,11.8,9.1,10.6,247,4,5
Audi,A7 quattro,6,AM7,Z,10.9,8.2,9.7,227,5,5
Audi,A8L ,6,AS8,Z,13.5,8.9,11.5,267,4,5
Audi,A8L ,8,AS8,Z,15.4,10.4,13.2,308,3,3
Audi,Q3 quattro,4,AS8,X,12.3,8.6,10.6,248,4,7
Audi,Q5,4,AM7,Z,10.7,8.4,9.7,226,5,5
Audi,Q7,4,AS8,Z,12.4,10.1,11.3,264,4,3
Audi,Q7,6,AS8,Z,13.8,11.4,12.7,296,3,5
Audi,Q8,6,AS8,Z,13.8,11.4,12.7,296,3,3
Audi,R8 Coupe,10,AM7,Z,17.5,11.7,14.9,347,2,1
Audi,R8 Spyder,10,AM7,Z,17.5,11.7,14.9,347,2,1
Audi,RS 3,5,AM7,Z,12.1,8.4,10.4,243,5,3
Audi,RS Q8,8,AS8,Z,18,12.3,15.4,360,2,3
Audi,S3,4,AM7,Z,10.7,8,9.5,222,5,3
Audi,S4,6,AS8,Z,11.8,8.9,10.5,245,5,5
Audi,S5,6,AS8,Z,11.8,8.9,10.5,245,5,5
Audi,S5 Cabriolet,6,AS8,Z,12.1,9.1,10.8,252,4,5
Audi,S5 Sportback,6,AS8,Z,11.8,8.9,10.5,245,5,5
Audi,S6,6,AS8,Z,12.9,8.5,10.9,255,4,5
Audi,S7,6,AS8,Z,12.9,8.5,10.9,255,4,5
Audi,S8,8,AS8,Z,17.6,10.7,14.5,339,2,3
Audi,SQ5,6,AS8,Z,13.1,10.3,11.8,276,4,5
Audi,SQ7,8,AS8,Z,16,11,13.7,321,3,3
Audi,SQ8,8,AS8,Z,15.8,11.4,13.8,322,3,3
Audi,TT Coupe quattro,4,AM7,X,10.3,7.7,9.1,213,5,7
Audi,TT Roadster quattro,4,AM7,X,10.3,7.7,9.1,213,5,7
Audi,TT RS,5,AM7,Z,12.1,8.2,10.3,241,5,3
Audi,TTS Coupe,4,AM7,Z,10.4,8.2,9.4,220,5,3
Bentley,Bentayga,8,AS8,Z,16.4,10.1,13.6,315,3,3
Bentley,Bentayga,12,AS8,Z,20,13.8,17.2,401,1,3
Bentley,Continental GT,8,AM8,Z,15.1,9.1,12.4,291,3,3
Bentley,Continental GT,12,AM8,Z,19,11.6,15.7,364,2,3
Bentley,Continental GT Convertible,8,AM8,Z,15.1,9.1,12.4,291,3,3
Bentley,Continental GT Convertible,12,AM8,Z,19.2,12.2,16,373,2,3
Bentley,Flying Spur,12,AM8,Z,19.2,12.2,16,373,2,3
Bentley,Mulsanne,8,AS8,Z,24.5,14.4,20,465,1,1
BMW,228i xDrive Gran Coupe,4,AS8,Z,10.2,7.2,8.8,205,6,7
BMW,230i Cabriolet,4,AS8,Z,10.1,7,8.7,204,6,7
BMW,230i xDrive Cabriolet,4,AS8,Z,10.9,7.5,9.4,219,5,7
BMW,230i Coupe,4,AS8,Z,9.5,7.4,8.5,200,6,7
BMW,230i Coupe,4,M6,Z,11.1,7.3,9.4,219,5,7
BMW,230i xDrive Coupe,4,AS8,Z,10.9,7.5,9.4,219,5,7
BMW,330i xDrive Sedan,4,AS8,Z,9.5,6.9,8.3,195,6,7
BMW,430i xDrive Cabriolet,4,AS8,Z,10.6,7.3,9.1,213,5,7
BMW,430i Coupe,4,AS8,Z,10.1,7,8.7,204,6,7
BMW,430i xDrive Coupe,4,AS8,Z,10.9,7.5,9.4,219,5,7
BMW,430i xDrive Gran Coupe,4,AS8,Z,10.9,7.5,9.4,219,5,7
BMW,440i xDrive Cabriolet,6,AS8,Z,12.4,8.5,10.7,249,4,3
BMW,440i Coupe,6,AS8,Z,11.4,8.1,9.9,231,5,3
BMW,440i Coupe,6,M6,Z,12.8,8.8,11,256,4,3
BMW,440i xDrive Coupe,6,AS8,Z,11.4,8.3,10,233,5,3
BMW,440i xDrive Coupe,6,M6,Z,13,8.5,11,257,4,3
BMW,440i xDrive Gran Coupe,6,AS8,Z,11.4,8.3,10,233,5,3
BMW,530i xDrive Sedan,4,AS8,Z,9.9,7.5,8.8,206,6,7
BMW,540i xDrive Sedan,6,AS8,Z,10.7,8.1,9.5,222,5,5
BMW,750i xDrive Sedan,8,AS8,Z,14.5,9.9,12.4,290,3,3
BMW,750Li xDrive Sedan,8,AS8,Z,14.5,9.9,12.4,290,3,3
BMW,Alpina B7 xDrive,8,AS8,Z,14.5,9.9,12.4,290,3,3
BMW,M2 Competition,6,AM7,Z,14.1,10.3,12.4,290,3,3
BMW,M2 Competition,6,M6,Z,13.4,9.6,11.7,273,4,3
BMW,M2 CS,6,AM7,Z,14.1,10.3,12.4,290,3,3
BMW,M2 CS,6,M6,Z,13.4,9.6,11.7,273,4,3
BMW,M235i xDrive Gran Coupe,4,AS8,Z,10.3,7.3,9,208,6,3
BMW,M240i Cabriolet,6,AS8,Z,11.4,8.1,9.9,231,5,3
BMW,M240i Cabriolet,6,M6,Z,12.7,8.8,10.9,255,4,3
BMW,M240i xDrive Cabriolet,6,AS8,Z,11.4,8.3,10,233,5,3
BMW,M240i Coupe,6,AS8,Z,11.4,8.1,9.9,231,5,3
BMW,M240i Coupe M Performance,6,AS8,Z,11.4,8.1,9.9,231,5,3
BMW,M240i Coupe,6,M6,Z,12.7,8.8,10.9,255,4,3
BMW,M240i Coupe M Performance,6,M6,Z,12.7,8.8,10.9,255,4,3
BMW,M240i xDrive Coupe,6,AS8,Z,11.4,8.3,10,233,5,3
BMW,M240i xDrive Coupe M Performance,6,AS8,Z,11.4,8.3,10,233,5,3
BMW,M340i xDrive Sedan,6,AS8,Z,11.4,8.3,10,233,5,5
BMW,M4 Cabriolet,6,AM7,Z,14.5,10.5,12.7,299,3,3
BMW,M4 Cabriolet Competition,6,AM7,Z,14.5,10.5,12.7,299,3,3
BMW,M4 Cabriolet,6,M6,Z,13.8,9.4,11.9,280,4,3
BMW,M4 Cabriolet Competition,6,M6,Z,13.8,9.4,11.9,280,4,3
BMW,M4 Coupe,6,AM7,Z,14.1,10.3,12.4,290,3,3
BMW,M4 Coupe Competition,6,AM7,Z,14.1,10.3,12.4,290,3,3
BMW,M4 Coupe,6,M6,Z,13.4,9.6,11.7,273,4,3
BMW,M4 Coupe Competition,6,M6,Z,13.4,9.6,11.7,273,4,3
BMW,M4 CS,6,AM7,Z,14.1,10.3,12.4,290,3,3
BMW,M5 Sedan,8,AS8,Z,16,11,13.8,322,3,3
BMW,M5 Competition,8,AS8,Z,16,11,13.8,322,3,3
BMW,M550i xDrive Sedan,8,AS8,Z,13.6,9.3,11.7,273,4,3
BMW,M760i xDrive Sedan,12,AS8,Z,17.8,11.9,15.1,354,2,3
BMW,M8 Cabriolet,8,AS8,Z,16,11,13.8,322,3,3
BMW,M8 Cabriolet Competition,8,AS8,Z,16,11,13.8,322,3,3
BMW,M8 Coupe,8,AS8,Z,16,11,13.8,322,3,3
BMW,M8 Coupe Competition,8,AS8,Z,16,11,13.8,322,3,3
BMW,M8 Gran Coupe,8,AS8,Z,16,11,13.8,322,3,3
BMW,M8 Gran Coupe Competition,8,AS8,Z,16,11,13.8,322,3,3
BMW,M850i xDrive Cabriolet,8,AS8,Z,14.5,9.9,12.4,290,3,3
BMW,M850i xDrive Coupe,8,AS8,Z,13.6,9.3,11.7,273,4,3
BMW,M850i xDrive Gran Coupe,8,AS8,Z,14.5,9.9,12.4,290,3,3
BMW,X1 xDrive28i,4,AS8,Z,10.3,7.7,9.1,213,5,7
BMW,X2 xDrive28i,4,AS8,Z,9.9,7.6,8.8,207,6,7
BMW,X2 M35i,4,AS8,Z,10,7.8,9,210,5,3
BMW,X3 xDrive30i,4,AS8,Z,10,8.2,9.2,215,5,7
BMW,X3 M,6,AS8,Z,16.6,12.1,14.6,339,2,3
BMW,X3 M Competition,6,AS8,Z,16.6,12.1,14.6,339,2,3
BMW,X3 M40i,6,AS8,Z,11.3,8.7,10.1,235,5,5
BMW,X4 xDrive30i,4,AS8,Z,10,8.2,9.2,215,5,7
BMW,X4 M,6,AS8,Z,16.6,12.1,14.6,339,2,3
BMW,X4 M Competition,6,AS8,Z,16.6,12.1,14.6,339,2,3
BMW,X4 M40i,6,AS8,Z,11.3,8.7,10.1,235,5,5
BMW,X5 xDrive40i,6,AS8,Z,11.7,9.1,10.5,245,5,3
BMW,X5 xDrive50i,8,AS8,Z,14.5,10.7,12.8,302,3,3
BMW,X5 M,8,AS8,Z,17.8,12.9,15.6,362,2,3
BMW,X5 M Competition,8,AS8,Z,17.8,12.9,15.6,362,2,3
BMW,X5 M50i,8,AS8,Z,14.5,10.7,12.8,302,3,3
BMW,X6 xDrive40i,6,AS8,Z,11.7,9.1,10.5,245,5,3
BMW,X6 M,8,AS8,Z,17.8,12.9,15.6,362,2,3
BMW,X6 M Competition,8,AS8,Z,17.8,12.9,15.6,362,2,3
BMW,X6 M50i,8,AS8,Z,14.5,10.7,12.8,302,3,3
BMW,X7 xDrive40i,6,AS8,Z,12,9.4,10.8,254,4,3
BMW,X7 xDrive50i,8,AS8,Z,15.5,11.4,13.6,318,3,3
BMW,X7 M50i,8,AS8,Z,15.5,11.4,13.6,318,3,3
BMW,Z4 sDrive30i,4,AS8,Z,9.5,7.4,8.5,200,6,7
BMW,Z4 M40i,6,AS8,Z,10.3,8,9.3,216,5,5
Bugatti,Chiron,16,AM7,Z,26.8,16.6,22.2,522,1,1
Bugatti,Divo,16,AM7,Z,27.2,18,23,537,1,1
Buick,Enclave,6,A9,X,13,9.1,11.2,263,4,6
Buick,Enclave AWD,6,A9,X,13.6,9.6,11.8,277,4,6
Buick,Encore,4,AS6,X,9.4,7.8,8.7,204,6,5
Buick,Encore AWD,4,AS6,X,10,8,9.1,214,5,5
Buick,Encore GX,3,AV,X,9,7.7,8.4,198,6,7
Buick,Encore GX AWD,3,A9,X,9,8,8.5,199,6,7
Buick,Envision AWD,4,A9,Z,11.7,9.4,10.7,250,4,5
Buick,Envision AWD,4,A6,X,11.1,8.6,10,234,5,5
Buick,Regal,4,AS9,Z,10.3,7.4,9,211,5,5
Buick,Regal AWD,4,AS8,Z,11,8,9.6,227,5,5
Buick,Regal AWD,6,AS9,X,12.5,8.8,10.9,255,4,6
Cadillac,CT4,4,AS8,Z,10.1,6.8,8.7,203,6,6
Cadillac,CT4,4,AS10,Z,11.5,8,9.9,232,5,6
Cadillac,CT4 AWD,4,AS8,Z,10.4,7.4,9.1,213,5,6
Cadillac,CT4 AWD,4,AS10,Z,11.7,8.4,10.2,238,5,6
Cadillac,CT4-V,4,AS10,Z,11.5,8.2,10,234,5,6
Cadillac,CT4-V AWD,4,AS10,Z,11.7,8.4,10.2,238,5,6
Cadillac,CT5,4,AS10,Z,10.4,7.3,9,209,5,6
Cadillac,CT5,6,AS10,Z,12.6,9.1,11,256,4,5
Cadillac,CT5 AWD,4,AS10,Z,11,7.7,9.5,221,5,6
Cadillac,CT5 AWD,6,AS10,Z,13.3,9.3,11.5,268,4,5
Cadillac,CT5-V,6,AS10,Z,13.1,9.1,11.3,263,4,5
Cadillac,CT5-V AWD,6,AS10,Z,13.8,9.4,11.8,276,4,5
Cadillac,CT6 AWD,6,AS10,X,12.9,8.7,11,259,4,5
Cadillac,CT6 AWD,8,AS10,Z,17.3,9.5,13.8,324,3,3
Cadillac,Escalade 4WD,8,A10,Z,16.7,11.1,14.2,333,3,3
Cadillac,XT4,4,AS9,Z,9.8,7.8,8.9,209,5,6
Cadillac,XT4 AWD,4,AS9,Z,10.9,8.2,9.7,227,5,6
Cadillac,XT5,4,AS9,Z,11,8.3,9.8,227,5,6
Cadillac,XT5 AWD,4,AS9,Z,11.2,8.9,10.1,235,5,6
Cadillac,XT5 AWD,6,AS9,X,13.4,9.4,11.6,270,4,6
Cadillac,XT6 AWD,6,AS9,X,13.5,9.7,11.8,277,4,6
Chevrolet,Blazer,4,A9,X,11,8.3,9.8,225,5,6
Chevrolet,Blazer,4,A9,X,11.3,8.9,10.2,238,5,5
Chevrolet,Blazer AWD,4,A9,X,11.3,8.7,10.1,232,5,6
Chevrolet,Blazer AWD,6,A9,X,13.1,9.4,11.4,269,4,6
Chevrolet,Camaro,4,AS8,Z,10.9,7.6,9.4,219,5,5
Chevrolet,Camaro,4,M6,Z,11.9,7.9,10.1,235,5,5
Chevrolet,Camaro,6,AS10,X,12.5,8.1,10.5,247,4,6
Chevrolet,Camaro,6,M6,X,14.3,9,11.9,280,4,6
Chevrolet,Camaro SS,8,AS10,Z,14.6,8.9,12.1,282,4,1
Chevrolet,Camaro SS,8,M6,Z,14.9,9.9,12.6,296,3,1
Chevrolet,Camaro ZL1,8,AS10,Z,18.3,11.2,15.1,355,2,1
Chevrolet,Camaro ZL1,8,M6,Z,17.2,12,14.8,349,2,1
Chevrolet,Colorado,4,A6,X,12.1,9.2,10.8,252,4,5
Chevrolet,Colorado,4,A6,D,11.8,7.9,10.1,270,4,3
Chevrolet,Colorado,6,A8,X,13.4,9.6,11.7,273,4,5
Chevrolet,Colorado 4WD,4,A6,X,12.6,9.7,11.3,265,4,5
Chevrolet,Colorado 4WD,4,A6,D,12.3,8.5,10.6,284,3,3
Chevrolet,Colorado 4WD,6,A8,X,14,9.9,12.2,286,3,5
Chevrolet,Colorado ZR2 4WD,4,A6,D,13.3,10.6,12.1,326,3,3
Chevrolet,Colorado ZR2 4WD,6,A8,X,15,13,14.1,331,3,5
Chevrolet,Corvette,8,AS8,Z,15.4,8.7,12.4,290,3,3
Chevrolet,Equinox,4,A6,X,8.9,7.7,8.4,196,6,7
Chevrolet,Equinox AWD,4,A6,X,9.3,8,8.7,204,6,7
Chevrolet,Equinox AWD,4,A9,Z,10.9,8.3,9.7,228,5,5
Chevrolet,Impala,6,AS6,X,12.8,8.5,10.9,255,4,5
Chevrolet,Impala,6,AS6,E,17.2,11.6,14.7,246,4,5
Chevrolet,Malibu,4,AV,X,8.2,6.6,7.5,189,6,6
Chevrolet,Malibu,4,A9,Z,10.5,7.4,9.1,214,5,5
Chevrolet,Silverado,4,A8,X,11.9,10.3,11.1,262,4,6
Chevrolet,Silverado WT,4,A8,X,12.5,10.8,11.7,275,4,6
Chevrolet,Silverado,6,A10,D,10.2,7.2,8.9,238,5,1
Chevrolet,Silverado,6,A6,X,15.1,11.5,13.5,318,3,6
Chevrolet,Silverado,8,A6,X,15.9,11.4,13.9,326,3,5
Chevrolet,Silverado FFV,8,A6,X,16,12.6,14.4,339,2,3
Chevrolet,Silverado FFV,8,A6,E,22.2,16.2,19.5,326,3,3
Chevrolet,Silverado,8,A8,X,13.9,10.1,12.2,286,3,5
Chevrolet,Silverado 4WD,4,A8,X,12.5,10.8,11.7,275,4,6
Chevrolet,Silverado WT 4WD,4,A8,X,12.7,11,12,280,4,6
Chevrolet,Silverado 4WD,6,A10,D,10.4,8,9.4,252,4,1
Chevrolet,Silverado 4WD,6,A6,X,15.7,12,14.1,331,3,6
Chevrolet,Silverado 4WD Custom Trail Boss,6,A6,X,16.3,12.9,14.8,349,2,6
Chevrolet,Silverado 4WD,8,A6,X,15.9,11.8,14.1,331,3,5
Chevrolet,Silverado 4WD FFV,8,A6,X,16.6,13,15,350,2,3
Chevrolet,Silverado 4WD FFV,8,A6,E,22.3,18.1,20.5,342,2,3
Chevrolet,Silverado 4WD Custom Trail Boss,8,A6,X,16.7,13.1,15.1,354,2,5
Chevrolet,Silverado 4WD,8,A8,X,14.7,10.7,12.9,303,3,5
Chevrolet,Silverado 4WD,8,A10,X,14.3,10.6,12.6,296,3,5
Chevrolet,Silverado 4WD LT Trail Boss,8,A10,X,14.7,11.2,13.1,307,3,5
Chevrolet,Silverado 4WD,8,A10,Z,15,12,13.7,321,3,3
Chevrolet,Silverado 4WD Custom Trail Boss,8,A10,Z,16.8,13.3,15.2,357,2,3
Chevrolet,Silverado 4WD LT Trail Boss,8,A10,Z,15.7,12.4,14.2,332,3,3
Chevrolet,Spark,4,AV,X,7.9,6.2,7.1,167,7,5
Chevrolet,Spark,4,M5,X,8,6.2,7.2,170,7,5
Chevrolet,Suburban,8,A6,X,15.7,10.5,13.4,314,3,3
Chevrolet,Suburban FFV,8,A6,X,15.7,10.5,13.4,314,3,3
Chevrolet,Suburban FFV,8,A6,E,21.2,13.9,17.9,298,3,3
Chevrolet,Suburban 4WD,8,A6,X,16.8,11.3,14.4,337,2,3
Chevrolet,Suburban 4WD FFV,8,A6,X,16.8,11.3,14.4,337,2,3
Chevrolet,Suburban 4WD FFV,8,A6,E,22.2,15.3,19.1,319,3,3
Chevrolet,Suburban 4WD,8,A10,Z,17.2,11.4,14.6,343,2,3
Chevrolet,Tahoe,8,A6,X,15.7,10.5,13.4,314,3,3
Chevrolet,Tahoe FFV,8,A6,X,15.7,10.5,13.4,314,3,3
Chevrolet,Tahoe FFV,8,A6,E,21.2,13.9,17.9,298,3,3
Chevrolet,Tahoe 4WD,8,A6,X,16,11.2,13.8,325,3,3
Chevrolet,Tahoe 4WD FFV,8,A6,X,16,11.2,13.8,325,3,3
Chevrolet,Tahoe 4WD FFV,8,A6,E,21.7,14.3,18.4,305,3,3
Chevrolet,Tahoe 4WD,8,A10,Z,16.5,10.9,13.9,327,3,3
Chevrolet,Traverse,6,A9,X,13,8.8,11.1,261,4,6
Chevrolet,Traverse AWD,6,A9,X,13.6,9.6,11.8,276,4,6
Chevrolet,Trax,4,AS6,X,9.1,7.6,8.4,196,6,5
Chevrolet,Trax AWD,4,AS6,X,10,8,9.1,214,5,5
Chrysler,300,6,A8,X,12.4,7.8,10.3,242,5,3
Chrysler,300,8,A8,X,14.7,9.4,12.3,289,3,3
Chrysler,300 AWD,6,A8,X,12.8,8.7,11,258,4,3
Chrysler,Pacifica (Stop-Start),6,A9,X,12.4,8.4,10.6,249,4,7
Chrysler,Pacifica AWD (Stop-Start),6,A9,X,13.9,9.2,11.8,276,4,7
Chrysler,Voyager (Stop-Start),6,A9,X,12.4,8.4,10.6,249,4,7
Dodge,Challenger,6,A8,X,12.4,7.8,10.3,242,5,3
Dodge,Challenger (MDS),8,A8,X,14.7,9.4,12.3,289,3,3
Dodge,Challenger,8,M6,Z,15.6,10.1,13.1,307,3,1
Dodge,Challenger (MDS),8,A8,Z,15.8,9.6,13,305,3,1
Dodge,Challenger,8,M6,Z,16.7,10.4,13.9,325,3,1
Dodge,Challenger AWD,6,A8,X,12.8,8.7,11,258,4,3
Dodge,Challenger Widebody (MDS),8,A8,Z,15.8,9.6,13,305,3,1
Dodge,Challenger Widebody (MDS),8,M6,Z,16.7,10.4,13.9,325,3,1
Dodge,Challenger SRT Hellcat,8,A8,Z,17.6,10.7,14.5,339,2,1
Dodge,Challenger SRT Hellcat,8,M6,Z,18.1,11.4,15.1,352,2,1
Dodge,Challenger SRT Hellcat Widebody,8,A8,Z,18.6,11.2,15.3,358,2,1
Dodge,Challenger SRT Hellcat Widebody,8,M6,Z,18.1,11.4,15.1,352,2,1
Dodge,Charger,6,A5,X,13.7,9,11.6,271,4,3
Dodge,Charger,6,A8,X,12.4,7.8,10.3,242,5,3
Dodge,Charger (MDS),8,A8,X,14.7,9.4,12.3,289,3,3
Dodge,Charger (MDS),8,A8,Z,15.8,9.6,13,305,3,1
Dodge,Charger AWD,6,A8,X,12.8,8.7,11,258,4,3
Dodge,Charger Widebody (MDS),8,A8,Z,15.8,9.6,13,305,3,1
Dodge,Charger SRT Hellcat Widebody,8,A8,Z,19,11.5,15.6,368,2,1
Dodge,Durango AWD,6,A8,X,12.7,9.6,11.3,265,4,7
Dodge,Durango AWD,8,A8,X,16.7,10.9,14.1,331,3,3
Dodge,Durango AWD SRT,8,A8,Z,18.3,12.2,15.6,363,2,1
Dodge,Grand Caravan,6,A6,X,13.7,9.4,11.8,276,4,5
Dodge,Journey,4,A4,X,12.7,9.2,11.1,261,4,3
FIAT,124 Spider,4,A6,X,9.3,6.5,8,187,6,3
FIAT,124 Spider,4,M6,X,9,6.7,7.9,185,7,3
FIAT,500L,4,A6,X,10.7,7.9,9.4,221,5,3
FIAT,500X AWD,4,A9,X,10,7.9,9.1,213,5,6
Ford,EcoSport,3,AS6,X,8.6,8.1,8.4,197,6,5
Ford,EcoSport AWD,4,AS6,X,10.2,8.1,9.2,216,5,5
Ford,Edge,4,A8,X,11.2,8.1,9.8,229,5,5
Ford,Edge AWD,4,A8,X,11.4,8.3,10,233,5,5
Ford,Edge AWD,4,AS8,X,11.4,8.3,10,233,5,5
Ford,Edge AWD,6,AS8,X,12.5,9.2,11,258,4,5
Ford,Escape,3,A8,X,8.6,7.1,7.9,185,7,7
Ford,Escape AWD,3,A8,X,8.9,7.6,8.3,196,6,7
Ford,Escape AWD,4,AS8,X,10.4,7.5,9.1,213,5,5
Ford,Escape Hybrid,4,AV,X,5.4,6.3,5.8,136,9,7
Ford,Escape Hybrid AWD,4,AV,X,5.5,6.4,5.9,139,9,7
Ford,Expedition 4X4,6,AS10,X,14.1,10.6,12.5,294,3,5
Ford,Expedition MAX 4X4,6,AS10,X,14.7,11.2,13.1,308,3,5
Ford,Explorer AWD,4,AS10,X,11.6,8.7,10.3,241,5,5
Ford,Explorer AWD,6,AS10,X,13.3,9.8,11.8,278,4,5
Ford,Explorer Hybrid AWD,6,AS10,X,10.1,9,9.6,225,5,5
Ford,F-150,6,AS10,X,12,8.9,10.6,249,4,5
Ford,F-150,6,AS10,D,11.1,8.3,9.8,264,4,1
Ford,F-150 (LT Tire Pkg),6,AS10,D,11.1,8.3,9.8,264,4,1
Ford,F-150 FFV,6,AS6,X,12.1,9.3,10.8,254,4,5
Ford,F-150 FFV,6,AS6,E,16.6,12.6,14.8,245,5,5
Ford,F-150,6,AS10,X,14.3,10.7,12.7,298,3,5
Ford,F-150 FFV,8,AS10,X,14.3,10.6,12.6,297,3,3
Ford,F-150 FFV,8,AS10,E,20,14.8,17.6,293,3,3
Ford,F-150 FFV (LT Tire Pkg),8,AS10,X,14.4,11.2,13,305,3,3
Ford,F-150 FFV (LT Tire Pkg),8,AS10,E,20,14.9,17.7,294,3,3
Ford,F-150 FFV (Payload Pkg),8,AS10,X,15.1,11.8,13.6,319,3,3
Ford,F-150 FFV (Payload Pkg),8,AS10,E,19.9,15.8,18,300,3,3
Ford,F-150 4X4,6,AS10,X,13.1,10.2,11.8,277,4,5
Ford,F-150 4X4,6,AS10,D,11.9,9.4,10.8,290,3,1
Ford,F-150 4X4 XL/XLT,6,AS10,D,11.3,8.5,10,270,4,1
Ford,F-150 FFV 4X4,6,AS6,X,12.9,10.2,11.7,274,4,5
Ford,F-150 FFV 4X4,6,AS6,E,17.6,13.8,15.9,265,4,5
Ford,F-150 4X4,6,AS10,X,14.6,10.9,13,304,3,5
Ford,F-150 4X4 Limited,6,AS10,X,13.8,11.2,12.6,296,3,5
Ford,F-150 FFV 4X4,8,AS10,X,15.1,11.6,13.5,317,3,3
Ford,F-150 FFV 4X4,8,AS10,E,20.3,14.7,17.8,296,3,3
Ford,F-150 Raptor 4X4,6,AS10,X,15.3,13.1,14.3,336,2,5
Ford,Fusion,4,AS6,X,10,7,8.7,203,6,7
Ford,Fusion Hybrid,4,AV,X,5.5,5.7,5.6,131,9,7
Ford,GT,6,AM7,Z,19.8,12.8,16.6,393,1,3
Ford,Mustang,4,AS10,X,11.2,7.3,9.4,221,5,5
Ford,Mustang (Performance Pkg),4,AS10,X,11.8,8.4,10.3,242,5,5
Ford,Mustang,4,M6,X,11.2,7.9,9.7,226,5,5
Ford,Mustang (Performance Pkg),4,M6,X,11.8,8.7,10.4,244,5,5
Ford,Mustang,8,AS10,X,15,9.1,12.3,289,3,3
Ford,Mustang,8,M6,X,16.1,9.9,13.3,312,3,3
Ford,Mustang Bullitt,8,M6,X,16.4,10.2,13.6,319,3,3
Ford,Mustang Convertible,4,AS10,X,11.8,8.4,10.3,242,5,5
Ford,Mustang Convertible (Performance Pkg),4,AS10,X,11.8,8.7,10.4,244,5,5
Ford,Mustang Convertible,4,M6,X,11.8,8.4,10.3,240,5,5
Ford,Mustang Convertible (Performance Pkg),4,M6,X,12.1,9.1,10.7,252,4,5
Ford,Mustang Convertible,8,AS10,X,15.4,9.7,12.9,303,3,3
Ford,Ranger 4WD,4,AS10,X,11.8,9.8,10.9,256,4,5
Ford,Shelby GT350 Mustang,8,M6,Z,17.1,11.4,14.5,342,2,3
Ford,Shelby GT500 Mustang,8,AM7,Z,19.9,12.7,16.7,392,1,3
Ford,T-150 Wagon FFV,6,AS10,X,16.2,12.3,14.5,340,2,1
Ford,T-150 Wagon FFV,6,AS10,E,21.5,16.2,19.1,316,3,1
Ford,T-150 Wagon FFV 4WD,6,AS10,X,16.7,12.8,15,352,2,1
Ford,T-150 Wagon FFV 4WD,6,AS10,E,22.1,16.8,19.8,328,3,1
Ford,Transit Connect Van FFV,4,AS8,X,9.8,8.8,9.3,219,5,5
Ford,Transit Connect Van FFV,4,AS8,E,13.3,11.8,12.6,209,5,5
Ford,Transit Connect Van LWB,4,AS8,X,9.8,8.8,9.3,219,5,6
Ford,Transit Connect Van LWB,4,AS6,X,12,8.8,10.6,247,4,5
Ford,Transit Connect Wagon LWB,4,AS8,X,9.9,8.2,9.2,214,5,6
Ford,Transit Connect Wagon LWB FFV,4,AS8,X,9.9,8.2,9.2,214,5,5
Ford,Transit Connect Wagon LWB FFV,4,AS8,E,13.7,11.1,12.5,208,6,5
Ford,Transit Connect Wagon LWB,4,AS6,X,12.1,9,10.7,251,4,5
Genesis,G70,4,M6,Z,12.8,8.5,10.9,255,4,3
Genesis,G70 AWD,4,AS8,Z,11.4,8.6,10.2,238,5,3
Genesis,G70 AWD,6,AS8,Z,14.1,9.5,12,284,3,3
Genesis,G80 AWD,6,AS8,Z,13.8,9.7,11.9,282,4,3
Genesis,G80 AWD,6,AS8,X,13.4,9.6,11.7,276,4,5
Genesis,G80 AWD,8,AS8,Z,15.6,10.4,13.2,312,3,5
Genesis,G90 AWD,6,AS8,Z,13.6,9.5,11.8,280,4,3
Genesis,G90 AWD,8,AS8,Z,15.4,10.2,13.1,311,3,5
GMC,Acadia,4,A9,X,11,8.3,9.8,225,5,6
GMC,Acadia,4,A9,X,11.3,8.9,10.2,238,5,5
GMC,Acadia,6,A9,X,12.6,8.8,10.9,257,4,6
GMC,Acadia AWD,4,A9,X,11.3,8.7,10.1,232,5,6
GMC,Acadia AWD,6,A9,X,13.1,9.4,11.4,269,4,6
GMC,Canyon,4,A6,X,12.1,9.2,10.8,252,4,5
GMC,Canyon,4,A6,D,11.8,7.9,10.1,270,4,3
GMC,Canyon,6,A8,X,13.4,9.6,11.7,273,4,5
GMC,Canyon 4WD,4,A6,X,12.6,9.7,11.3,265,4,5
GMC,Canyon 4WD,4,A6,D,12.3,8.5,10.6,284,3,3
GMC,Canyon 4WD,6,A8,X,14,9.9,12.2,286,3,5
GMC,Sierra,4,A8,X,11.9,10.3,11.1,262,4,6
GMC,Sierra WT,4,A8,X,12.5,10.8,11.7,275,4,6
GMC,Sierra,6,A10,D,10.2,7.8,9.1,245,5,1
GMC,Sierra,6,A6,X,15.1,11.5,13.5,318,3,6
GMC,Sierra,8,A6,X,15.9,11.4,13.9,326,3,5
GMC,Sierra FFV,8,A6,X,16,12.6,14.4,339,2,3
GMC,Sierra FFV,8,A6,E,22.2,16.2,19.5,326,3,3
GMC,Sierra,8,A8,X,14,10.1,12.2,288,3,5
GMC,Sierra 4WD,4,A8,X,12.5,10.8,11.7,275,4,6
GMC,Sierra WT 4WD,4,A8,X,12.7,11,12,280,4,6
GMC,Sierra 4WD,6,A10,D,10.5,9.1,9.9,265,4,1
GMC,Sierra 4WD AT4,6,A10,D,10.5,9.1,9.9,265,4,1
GMC,Sierra 4WD,6,A6,X,15.7,12,14.1,331,3,6
GMC,Sierra 4WD,8,A6,X,15.9,11.8,14.1,331,3,5
GMC,Sierra 4WD FFV,8,A6,X,16.4,12.6,14.7,344,2,3
GMC,Sierra 4WD FFV,8,A6,E,21.8,16.8,19.5,325,3,3
GMC,Sierra 4WD AT4,8,A6,X,16.7,13.1,15.1,354,2,5
GMC,Sierra 4WD,8,A8,X,14.7,10.8,13,304,3,5
GMC,Sierra 4WD AT4,8,A8,X,15.1,11.4,13.4,314,3,5
GMC,Sierra 4WD,8,A10,X,14.3,10.6,12.7,298,3,5
GMC,Sierra 4WD AT4,8,A10,X,14.7,11.2,13.1,307,3,5
GMC,Sierra 4WD,8,A10,Z,15.5,11.9,13.9,326,3,3
GMC,Sierra 4WD AT4,8,A10,Z,15.7,12.4,14.2,332,3,3
GMC,Terrain,4,A9,X,9.2,7.8,8.6,202,6,7
GMC,Terrain AWD,4,A9,X,9.5,8.3,9,210,5,7
GMC,Terrain AWD,4,A9,Z,11.2,9,10.2,239,5,5
GMC,Yukon,8,A6,X,15.7,10.5,13.4,314,3,3
GMC,Yukon FFV,8,A6,X,15.7,10.5,13.4,314,3,3
GMC,Yukon FFV,8,A6,E,21.2,13.9,17.9,298,3,3
GMC,Yukon 4WD,8,A6,X,16,11.2,13.8,325,3,3
GMC,Yukon 4WD FFV,8,A6,X,16,11.2,13.8,325,3,3
GMC,Yukon 4WD FFV,8,A6,E,21.7,14.3,18.4,305,3,3
GMC,Yukon 4WD,8,A10,Z,16.5,10.9,13.9,327,3,3
GMC,Yukon XL,8,A6,X,15.7,10.5,13.4,314,3,3
GMC,Yukon XL FFV,8,A6,X,15.7,10.5,13.4,314,3,3
GMC,Yukon XL FFV,8,A6,E,21.2,13.9,17.9,298,3,3
GMC,Yukon XL 4WD,8,A6,X,16.8,11.3,14.4,337,2,3
GMC,Yukon XL 4WD FFV,8,A6,X,16.8,11.3,14.4,337,2,3
GMC,Yukon XL 4WD FFV,8,A6,E,22.2,15.3,19.1,319,3,3
GMC,Yukon XL 4WD,8,A10,Z,17.2,11.4,14.6,343,2,3
Honda,Accord,4,AV,X,7.9,6.3,7.2,170,7,6
Honda,Accord,4,AV7,X,8.2,6.8,7.6,177,7,6
Honda,Accord,4,M6,X,8.9,6.7,7.9,185,7,7
Honda,Accord,4,M6,X,10.7,7.3,9.2,214,5,7
Honda,Accord Sport/Touring,4,AS10,X,10.4,7.4,9.1,211,5,6
Honda,Accord Hybrid,4,AV,X,5,5,5,117,10,7
Honda,Civic Coupe,4,AV7,X,7.8,6.4,7.2,167,7,3
Honda,Civic Coupe,4,AV,X,7.8,6.1,7.1,164,8,3
Honda,Civic Coupe,4,AV7,X,8.3,6.6,7.5,176,7,3
Honda,Civic Coupe,4,M6,X,9.3,6.7,8.1,189,6,3
Honda,Civic Coupe Si,4,M6,Z,8.9,6.4,7.8,183,7,3
Honda,Civic Hatchback,4,AV,X,7.7,6,6.9,162,8,3
Honda,Civic Hatchback,4,M6,X,8,6.2,7.2,167,7,3
Honda,Civic Hatchback Sport,4,AV7,Z,8,6.6,7.4,172,7,3
Honda,Civic Hatchback Sport,4,M6,Z,8,6.2,7.2,167,7,3
Honda,Civic Sedan,4,AV7,X,7.8,6.2,7.1,165,7,3
Honda,Civic Sedan,4,AV,X,7.9,6.1,7.1,167,7,3
Honda,Civic Sedan,4,AV7,X,8.2,6.5,7.4,172,7,3
Honda,Civic Sedan,4,M6,X,9.3,6.5,8,186,7,3
Honda,Civic Sedan Si,4,M6,Z,8.9,6.4,7.8,183,7,3
Honda,Civic Type R,4,M6,Z,10.5,8.4,9.6,223,5,3
Honda,CR-V,4,AV,X,8.3,7,7.7,180,7,5
Honda,CR-V AWD,4,AV,X,8.7,7.4,8.1,189,6,5
Honda,Fit,4,AV,X,7,5.9,6.5,151,8,7
Honda,Fit,4,AV7,X,7.6,6.5,7,166,7,7
Honda,Fit,4,M6,X,8.1,6.6,7.4,174,7,3
Honda,HR-V,4,AV,X,8.4,7,7.8,181,7,5
Honda,HR-V AWD,4,AV,X,8.8,7.5,8.2,193,6,5
Honda,HR-V AWD,4,AV7,X,9.1,7.7,8.5,200,6,5
Honda,Insight EX/Touring,4,AV,X,4.6,5.3,4.9,115,10,7
Honda,Odyssey,6,AS10,X,12.2,8.5,10.6,248,4,5
Honda,Passport AWD,6,AS9,X,12.5,9.8,11.3,265,4,3
Honda,Pilot AWD,6,A6,X,13,9.3,11.3,266,4,3
Honda,Pilot AWD,6,AS9,X,12.4,9.3,11,257,4,3
Honda,Ridgeline AWD,6,AS9,X,12.6,10,11.4,269,4,3
Hyundai,Accent,4,AV,X,7.3,6,6.7,160,8,3
Hyundai,Accent,4,M6,X,7.8,6.1,7,168,7,3
Hyundai,Elantra,4,AM7,X,8.9,7,8.1,192,6,5
Hyundai,Elantra,4,M6,X,10.1,7.6,9,214,5,5
Hyundai,Elantra,4,AV,X,7.8,5.6,6.8,161,8,5
Hyundai,Elantra,4,M6,X,9.1,6.3,7.9,187,7,5
Hyundai,Elantra GT,4,AM7,X,9.7,7.4,8.6,205,6,5
Hyundai,Elantra GT,4,M6,X,10.3,7.9,9.2,218,5,5
Hyundai,Elantra GT,4,AS6,X,9.4,7.1,8.4,199,6,5
Hyundai,Elantra GT,4,M6,X,9.8,7.4,8.7,207,6,5
Hyundai,IONIQ,4,AM6,X,4.2,4.2,4.2,99,10,7
Hyundai,IONIQ Blue,4,AM6,X,4.2,4,4.1,96,10,7
Hyundai,Kona,4,AS6,X,8.6,7,7.9,187,7,5
Hyundai,Kona AWD,4,AM7,X,9,8,8.6,201,6,5
Hyundai,Kona AWD,4,AS6,X,9.2,7.8,8.6,202,6,5
Hyundai,Palisade,6,AS8,X,11.9,8.8,10.5,250,4,5
Hyundai,Palisade AWD,6,AS8,X,12.3,9.6,11.1,265,4,5
Hyundai,Santa Fe,4,AS8,X,10.8,8,9.6,225,5,5
Hyundai,Santa Fe AWD,4,AS8,X,12,9.2,10.7,255,4,5
Hyundai,Santa Fe AWD,4,AS8,X,11.3,8.8,10.1,238,5,5
Hyundai,Sonata,4,AS8,X,8.6,6.6,7.7,181,7,5
Hyundai,Sonata,4,AS8,X,8.8,6.4,7.7,182,7,7
Hyundai,Sonata Hybrid,4,AM6,X,5.3,4.6,5,117,10,7
Hyundai,Tucson,4,AS6,X,10,7.9,9.1,216,5,5
Hyundai,Tucson AWD,4,AS6,X,10.8,9.2,10.1,239,5,5
Hyundai,Tucson AWD,4,AS6,X,11,9.1,10.1,241,5,5
Hyundai,Veloster Turbo,4,AM7,X,8.5,6.9,7.8,184,7,5
Hyundai,Veloster Turbo,4,M6,X,9.4,7,8.3,196,6,5
Hyundai,Veloster,4,AS6,X,9.1,7.1,8.2,193,6,5
Hyundai,Veloster N,4,M6,Z,10.6,8.3,9.5,226,5,3
Hyundai,Venue,4,AV,X,8,7,7.5,178,7,5
Hyundai,Venue,4,M6,X,8.6,6.8,7.8,184,7,5
Infiniti,Q50 AWD,6,AS7,Z,12.5,8.7,10.8,254,4,3
Infiniti,Q50 AWD Red Sport,6,AS7,Z,12.5,9.3,11.1,261,4,3
Infiniti,Q60 AWD,6,AS7,Z,12.3,8.7,10.7,251,4,3
Infiniti,Q60 AWD Red Sport,6,AS7,Z,12.5,9.2,11,259,4,3
Infiniti,QX50 AWD,4,AV8,Z,10.8,8.3,9.7,228,5,5
Infiniti,QX60 AWD,6,AV7,Z,12.5,9,10.9,257,4,3
Infiniti,QX80 4WD,8,AS7,Z,17.8,12.3,15.3,360,2,3
Jaguar,E-PACE P250,4,AS9,Z,11,8.4,9.8,231,5,7
Jaguar,E-PACE P300,4,AS9,Z,11.2,8.6,10.1,236,5,7
Jaguar,F-PACE 25t,4,AS8,Z,10.7,8.8,9.9,227,5,7
Jaguar,F-PACE 30t,4,AS8,Z,10.9,8.7,9.9,232,5,7
Jaguar,F-PACE S,6,AS8,Z,13.3,10,11.8,277,4,7
Jaguar,F-PACE SVR,8,AS8,Z,14.5,11,12.9,303,3,3
Jaguar,F-TYPE P300 Convertible,4,AS8,Z,10.2,7.8,9.2,215,5,7
Jaguar,F-TYPE Convertible,6,AS8,Z,11.9,8.5,10.4,242,5,7
Jaguar,F-TYPE Convertible R-Dynamic,6,AS8,Z,12.4,8.8,10.8,253,4,7
Jaguar,F-TYPE Convertible R-Dynamic AWD,6,AS8,Z,13,9.2,11.3,265,4,7
Jaguar,F-TYPE R AWD Convertible,8,AS8,Z,15.2,9.8,12.7,299,3,3
Jaguar,F-TYPE SVR AWD Convertible,8,AS8,Z,15.2,9.8,12.7,299,3,3
Jaguar,F-TYPE P300 Coupe,4,AS8,Z,10.2,7.8,9.2,215,5,7
Jaguar,F-TYPE Coupe,6,AS8,Z,11.9,8.5,10.4,242,5,7
Jaguar,F-TYPE Coupe R-Dynamic,6,AS8,Z,12.4,8.8,10.8,253,4,7
Jaguar,F-TYPE Coupe R-Dynamic AWD,6,AS8,Z,13,9.2,11.3,265,4,7
Jaguar,F-TYPE R AWD Coupe,8,AS8,Z,15.2,9.8,12.7,299,3,3
Jaguar,F-TYPE SVR AWD Coupe,8,AS8,Z,15.2,9.8,12.7,299,3,3
Jaguar,XE P250 AWD,4,AS8,Z,9.8,6.9,8.5,200,6,7
Jaguar,XE P300 AWD,4,AS8,Z,10.7,7.7,9.4,220,5,7
Jaguar,XF 25t AWD,4,AS8,Z,10.1,7.2,8.8,207,6,7
Jaguar,XF 30t AWD,4,AS8,Z,10.6,7.6,9.2,217,5,7
Jaguar,XF S AWD,6,AS8,Z,12,8.4,10.4,243,5,7
Jeep,Cherokee,4,A9,X,10.4,7.6,9.1,214,5,5
Jeep,Cherokee,4,A9,X,10.8,7.6,9.3,219,5,6
Jeep,Cherokee,6,A9,X,11.9,8.2,10.2,240,5,5
Jeep,Cherokee 4X4 Active Drive I,4,A9,X,11.2,8,9.8,229,5,5
Jeep,Cherokee 4X4 Active Drive I,4,A9,X,11.2,8,9.8,230,5,6
Jeep,Cherokee 4X4 Active Drive I,6,A9,X,12.2,8.6,10.6,249,4,5
Jeep,Cherokee 4X4 Active Drive II,4,A9,X,11.5,8.6,10.2,240,5,5
Jeep,Cherokee 4X4 Active Drive II,6,A9,X,12.8,9,11.1,259,4,5
Jeep,Cherokee 4X4 Active Drive Lock,4,A9,X,11.8,9.2,10.6,249,4,5
Jeep,Cherokee 4X4 Active Drive Lock,6,A9,X,12.9,9.9,11.6,269,4,5
Jeep,Compass,4,A6,X,10.6,7.6,9.3,218,5,6
Jeep,Compass,4,M6,X,10.4,7.3,9,211,5,3
Jeep,Compass 4X4,4,A9,X,10.8,7.8,9.5,222,5,6
Jeep,Compass 4X4,4,M6,X,10.8,7.6,9.4,221,5,3
Jeep,Gladiator 4X4,6,A8,X,13.7,10.7,12.3,290,3,5
Jeep,Gladiator 4X4,6,M6,X,14.3,10.4,12.6,296,3,5
Jeep,Grand Cherokee 4X4,6,A8,X,12.7,9.6,11.3,265,4,7
Jeep,Grand Cherokee 4X4,8,A8,X,16.7,10.9,14.1,331,3,3
Jeep,Grand Cherokee 4X4 Trackhawk,8,A8,Z,20.9,13.8,17.7,413,1,1
Jeep,Grand Cherokee 4X4 SRT,8,A8,Z,18.3,12.6,15.7,368,2,1
Jeep,Renegade,4,A9,X,9.8,7.4,8.7,204,6,6
Jeep,Renegade,4,A9,X,10.8,7.8,9.5,222,5,6
Jeep,Renegade 4X4,4,A9,X,10.1,8.1,9.2,216,5,6
Jeep,Renegade 4X4 Trailhawk,4,A9,X,10.8,8.7,9.9,230,5,6
Jeep,Renegade 4X4,4,A9,X,11.2,8.2,9.8,230,5,6
Jeep,Wrangler 4X4,4,A8,X,10.7,9.8,10.3,241,5,5
Jeep,Wrangler 4X4,6,A8,X,12.8,10.4,11.8,274,4,5
Jeep,Wrangler 4X4 eTorque,6,A8,X,12,9.8,11,259,4,5
Jeep,Wrangler 4X4,6,M6,X,13.7,9.6,11.8,277,4,5
Jeep,Wrangler Unlimited 4X4,4,A8,X,11.5,10.9,11.2,263,4,5
Jeep,Wrangler Unlimited 4X4 eTorque,4,A8,X,11.3,10.5,10.9,257,4,5
Jeep,Wrangler Unlimited 4X4 EcoDiesel,6,A8,D,10.6,8.1,9.5,255,4,1
Jeep,Wrangler Unlimited 4X4,6,A8,X,12.9,10.7,11.9,280,4,5
Jeep,Wrangler Unlimited 4X4 eTorque,6,A8,X,12.6,10.7,11.8,276,4,5
Jeep,Wrangler Unlimited 4X4,6,M6,X,13.8,10.1,12.2,285,3,5
Kia,Forte,4,AM7,X,8.7,6.6,7.8,184,7,5
Kia,Forte,4,AV,X,7.9,5.9,7,165,7,5
Kia,Forte,4,M6,X,8.6,6.4,7.6,180,7,5
Kia,Forte 5,4,AM7,X,8.9,6.9,8,190,6,5
Kia,Forte 5,4,AV,X,8,6,7.1,169,7,5
Kia,Niro,4,AM6,X,4.6,5.1,4.8,114,10,7
Kia,Niro FE,4,AM6,X,4.5,4.8,4.7,110,10,7
Kia,Niro Touring,4,AM6,X,5.1,5.8,5.4,129,9,7
Kia,Optima,4,AS6,X,9.5,7.1,8.4,199,6,5
Kia,Optima Hybrid,4,AM6,X,5.9,5.2,5.6,132,9,7
Kia,Rio,4,AV,X,7.2,5.9,6.6,151,8,3
Kia,Rio,4,M6,X,7.7,6.1,7,166,7,3
Kia,Sedona,6,AS8,X,12.7,9.9,11.5,271,4,5
Kia,Sorento AWD,4,AS6,X,11.2,9,10.2,242,5,5
Kia,Sorento AWD,6,AS8,X,12.3,9.5,11.1,261,4,5
Kia,Soul,4,AV,X,8.6,7.1,7.9,188,6,7
Kia,Soul,4,M6,X,9.6,7.6,8.7,206,6,5
Kia,Sportage,4,AS6,X,10.1,7.6,9,214,5,5
Kia,Sportage AWD,4,AS6,X,12.1,9.6,11,261,4,5
Kia,Sportage AWD,4,AS6,X,10.8,9.1,10,239,5,5
Kia,Stinger AWD,6,AS8,Z,13.6,9.6,11.8,279,4,3
Kia,Telluride AWD,6,AS8,X,12.5,9.6,11.2,264,4,5
Lamborghini,Aventador Coupe,12,AM7,Z,26.2,15.5,21.4,485,1,1
Lamborghini,Aventador Roadster,12,AM7,Z,26.6,15.8,21.7,493,1,1
Lamborghini,Aventador Sian Coupe,12,AM7,Z,28.1,16.6,22.9,535,1,1
Lamborghini,Aventador Sian Roadster,12,AM7,Z,28.1,16.6,22.9,535,1,1
Lamborghini,Huracan Coupe,10,AM7,Z,18,12.9,15.7,370,2,1
Lamborghini,Huracan Coupe AWD,10,AM7,Z,18,12.9,15.7,370,2,1
Lamborghini,Huracan Spyder,10,AM7,Z,18,12.9,15.7,370,2,1
Lamborghini,Huracan Spyder AWD,10,AM7,Z,18,12.9,15.7,370,2,1
Lamborghini,Urus,8,AS8,Z,19.2,14.1,16.9,384,1,3
Land Rover,Discovery,6,AS8,Z,14.8,11.4,13.3,311,3,7
Land Rover,Discovery Td6 Diesel,6,AS8,D,11.3,9.2,10.4,279,4,1
Land Rover,Discovery Sport P250,4,AS9,Z,12.6,9.7,11.3,266,4,7
Land Rover,Discovery Sport P290,4,AS9,Z,12.3,9.8,11.1,262,4,7
Land Rover,Range Rover 3.0,6,AS8,Z,12.2,9.4,11,258,4,7
Land Rover,Range Rover Td6 Diesel,6,AS8,D,10.7,8.3,9.6,256,4,1
Land Rover,Range Rover 5.0 Supercharged,8,AS8,Z,14.4,11.2,12.9,305,3,3
Land Rover,Range Rover 5.0 Supercharged LWB,8,AS8,Z,14.4,11.3,13,305,3,3
Land Rover,Range Rover SVAutobiography Dynamic,8,AS8,Z,17.1,12.6,15.1,354,2,3
Land Rover,Range Rover SVAutobiography LWB,8,AS8,Z,17.9,12.7,15.5,365,2,3
Land Rover,Range Rover Sport 3.0,6,AS8,Z,12.6,9.6,11.3,264,4,7
Land Rover,Range Rover Sport Td6 Diesel,6,AS8,D,10.7,8.3,9.6,256,4,1
Land Rover,Range Rover Sport Supercharged,8,AS8,Z,14.1,10.7,12.6,294,3,3
Land Rover,Range Rover Sport SVR,8,AS8,Z,16.2,12,14.3,336,2,3
Land Rover,Range Rover Evoque P250,4,AS9,Z,11.8,8.7,10.4,245,5,7
Land Rover,Range Rover Evoque P300,4,AS9,Z,11.4,8.9,10.3,242,5,7
Land Rover,Range Rover Velar P250,4,AS8,Z,11.2,8.9,10.2,238,5,7
Land Rover,Range Rover Velar P300,4,AS8,Z,11.7,9.2,10.6,248,4,7
Land Rover,Range Rover Velar P340,6,AS8,Z,13,10,11.6,273,4,7
Land Rover,Range Rover Velar P380,6,AS8,Z,13,10,11.6,273,4,7
Land Rover,Range Rover Velar SVAutobiography Dynamic,8,AS8,Z,15.2,11.5,13.5,318,3,3
Lexus,ES 300h,4,AS6,X,5.5,5.2,5.3,124,10,7
Lexus,ES 350,6,AS8,X,10.7,7.2,9.1,213,5,5
Lexus,ES 350 F SPORT,6,AS8,X,10.9,7.5,9.4,219,5,5
Lexus,GS 350 AWD,6,AS6,Z,12.3,9.1,10.9,254,4,5
Lexus,GS F,8,AS8,Z,14.9,9.7,12.5,293,3,5
Lexus,GX 460,8,AS6,Z,16.2,12.3,14.5,337,2,3
Lexus,IS 300,4,AS8,Z,11,7.6,9.5,220,5,5
Lexus,IS 300 AWD,6,AS6,Z,12.3,9.1,10.9,254,4,5
Lexus,IS 350 AWD,6,AS6,Z,12.3,9.1,10.9,254,4,5
Lexus,LC 500,8,AS10,Z,15.1,9.5,12.6,294,3,5
Lexus,LC 500h,6,AV10,Z,9,7.1,8.1,189,6,7
Lexus,LS 500 AWD,6,AS10,Z,13.2,8.7,11.1,262,4,3
Lexus,LS 500h AWD,6,AV10,Z,10.3,7.7,9.1,214,5,7
Lexus,LX 570,8,AS8,Z,19.2,14.3,16.9,395,1,3
Lexus,NX 300 AWD,4,AS6,Z,10.7,8.5,9.7,226,5,3
Lexus,NX 300 AWD F SPORT,4,AS6,Z,10.8,8.9,9.9,232,5,3
Lexus,NX 300h AWD,4,AV6,X,7.2,7.9,7.5,176,7,7
Lexus,RC 300 AWD,6,AS6,Z,13.1,9.8,11.2,262,4,5
Lexus,RC 350 AWD,6,AS6,Z,13.1,9.8,11.2,262,4,5
Lexus,RC F,8,AS8,Z,14.4,9.6,12.2,285,3,5
Lexus,RX 350 AWD,6,AS8,X,12.2,9,10.8,252,4,5
Lexus,RX 350 L AWD,6,AS8,X,13.1,9.4,11.1,268,4,5
Lexus,RX 450h AWD,6,AV6,Z,7.5,8.4,7.9,185,7,7
Lexus,RX 450h L AWD,6,AV6,Z,8.1,8.4,8.1,190,6,7
Lexus,UX 200,4,AS10,X,8,6.3,7.2,168,7,6
Lexus,UX 250h AWD,4,AV6,X,5.7,6.2,6,140,9,6
Lincoln,Aviator,6,AS10,X,13.7,9.7,11.9,280,4,5
Lincoln,Continental AWD,6,AS6,X,14,9.5,12,281,4,5
Lincoln,Continental AWD,6,AS6,X,14.5,9.8,12.3,289,3,5
Lincoln,Continental AWD,6,AS6,X,14.3,9.7,12.2,287,3,3
Lincoln,Corsair AWD,4,AS8,X,11.1,8.1,9.8,229,5,5
Lincoln,Corsair AWD,4,AS8,X,11.1,8.2,9.8,230,5,5
Lincoln,MKZ AWD,4,AS6,X,12.1,8.4,10.4,245,5,5
Lincoln,MKZ Hybrid,4,AV,X,5.5,5.7,5.6,131,9,7
Lincoln,Nautilus AWD,4,AS8,X,12,9.6,10.7,250,4,5
Lincoln,Nautilus AWD,6,AS8,X,12.5,9.2,11,258,4,5
Lincoln,Navigator 4X4,6,AS10,X,15,11.5,13.4,315,3,5
Maserati,Ghibli,6,AS8,Z,14.1,9.8,12.2,286,3,1
Maserati,Ghibli S,6,AS8,Z,14.1,9.8,12.2,286,3,1
Maserati,Ghibli S Q4,6,AS8,Z,14.7,9.9,12.6,295,3,1
Maserati,Levante,6,AS8,Z,15.9,11.1,13.7,324,3,1
Maserati,Levante S,6,AS8,Z,15.9,11.1,13.7,324,3,1
Maserati,Levante GTS,8,AS8,Z,17.3,12.9,15.3,360,2,1
Maserati,Levante Trofeo,8,AS8,Z,17.3,12.9,15.3,360,2,1
Maserati,Quattroporte S,6,AS8,Z,14.1,9.8,12.2,286,3,1
Maserati,Quattroporte S Q4,6,AS8,Z,15,10.3,12.8,301,3,1
Maserati,Quattroporte GTS,8,AS8,Z,16,10.8,13.7,321,3,1
Mazda,CX-3,4,AS6,X,8.3,6.9,7.7,179,7,3
Mazda,CX-3 (SIL),4,M6,X,8.8,7,8,186,7,3
Mazda,CX-3 4WD,4,AS6,X,8.6,7.4,8.1,189,6,3
Mazda,CX-30,4,AS6,X,8.9,7.1,8.1,189,6,7
Mazda,CX-30,4,AS6,X,9.3,7.1,8.3,194,6,7
Mazda,CX-30 4WD,4,AS6,X,9.4,7.7,8.6,202,6,7
Mazda,CX-30 4WD,4,AS6,X,9.9,7.7,8.9,208,6,7
Mazda,CX-30 4WD (Cylinder Deactivation),4,AS6,X,9.5,7.4,8.6,200,6,7
Mazda,CX-5,4,AS6,X,9.7,7.8,8.8,206,6,7
Mazda,CX-5 (Cylinder Deactivation),4,AS6,X,9.3,7.6,8.5,201,6,7
Mazda,CX-5 4WD,4,AS6,X,10.2,8.2,9.3,217,5,7
Mazda,CX-5 4WD (Cylinder Deactivation),4,AS6,X,9.8,7.9,9,209,5,7
Mazda,CX-5 Turbo 4WD,4,AS6,X,10.8,8.7,9.8,230,5,5
Mazda,CX-9 4WD,4,AS6,X,11.6,9.1,10.5,244,5,5
Mazda,Mazda3 4-Door,4,AS6,X,8.4,6.6,7.6,178,7,7
Mazda,Mazda3 4-Door (SIL),4,M6,X,8.7,6.4,7.7,180,7,7
Mazda,Mazda3 4-Door,4,AS6,X,8.8,6.4,7.7,181,7,7
Mazda,Mazda3 4-Door (Cylinder Deactivation),4,AS6,X,8.8,6.6,7.8,183,7,7
Mazda,Mazda3 4-Door 4WD,4,AS6,X,9.2,7,8.2,192,6,7
Mazda,Mazda3 5-Door,4,AS6,X,8.6,6.7,7.7,181,7,7
Mazda,Mazda3 5-Door (SIL),4,M6,X,8.7,6.6,7.8,181,7,7
Mazda,Mazda3 5-Door,4,AS6,X,9,6.8,8,187,7,7
Mazda,Mazda3 5-Door (SIL),4,M6,X,9.2,6.6,8.1,189,6,7
Mazda,Mazda3 5-Door 4WD,4,AS6,X,9.8,7.4,8.7,204,6,7
Mazda,Mazda6,4,AS6,X,9,6.7,8,188,6,7
Mazda,Mazda6 Turbo,4,AS6,X,10,7.5,8.9,208,6,3
Mazda,MX-5,4,AS6,Z,9,6.6,7.9,186,7,3
Mazda,MX-5 (SIL),4,M6,Z,9,7,8.1,189,6,3
Mercedes-Benz,A 220 4MATIC ,4,AM7,Z,9.8,7,8.6,201,6,5
Mercedes-Benz,A 250 4MATIC Hatch,4,AM7,Z,9.4,6.9,8.3,195,6,5
Mercedes-Benz,AMG A 35 4MATIC,4,AM7,Z,9.9,7.5,8.9,207,6,5
Mercedes-Benz,AMG A 35 4MATIC Hatch,4,AM7,Z,10.3,7.9,9.2,215,5,5
Mercedes-Benz,AMG C 43 4MATIC,6,A9,Z,12.4,8.7,10.7,253,4,5
Mercedes-Benz,AMG C 43 4MATIC Cabriolet,6,A9,Z,12.7,9.2,11.2,263,4,5
Mercedes-Benz,AMG C 43 4MATIC Coupe,6,A9,Z,12.5,8.8,10.8,255,4,5
Mercedes-Benz,AMG C 43 4MATIC Wagon,6,A9,Z,12.4,8.9,10.8,255,4,5
Mercedes-Benz,AMG C 63,8,A9,Z,13.2,8.7,11.2,263,4,3
Mercedes-Benz,AMG C 63 S,8,A9,Z,13.2,8.7,11.2,263,4,3
Mercedes-Benz,AMG C 63 S Cabriolet,8,A9,Z,13.9,9.7,12,282,4,3
Mercedes-Benz,AMG C 63 S Coupe,8,A9,Z,13.9,9.2,11.8,277,4,3
Mercedes-Benz,AMG CLA 35 4MATIC ,4,AM7,Z,10.4,8.3,9.4,218,5,5
Mercedes-Benz,AMG CLA 45 4MATIC ,4,AM8,Z,11.7,8.1,10.1,237,5,3
Mercedes-Benz,AMG CLS 53 4MATIC+,6,A9,Z,11.1,8.7,10,235,5,6
Mercedes-Benz,AMG E 53 4MATIC+,6,A9,Z,11.2,8.3,9.9,232,5,6
Mercedes-Benz,AMG E 53 4MATIC+ Cabriolet,6,A9,Z,11.5,9,10.4,245,5,6
Mercedes-Benz,AMG E 53 4MATIC+ Coupe,6,A9,Z,11.3,8.5,10.1,237,5,6
Mercedes-Benz,AMG E 53 4MATIC+ Wagon,6,A9,Z,11.5,8.6,10.2,239,5,6
Mercedes-Benz,AMG E 63 S 4MATIC+,8,A9,Z,16,10.5,13.5,318,3,3
Mercedes-Benz,AMG E 63 S 4MATIC+ Wagon,8,A9,Z,14.6,10.4,12.7,299,3,3
Mercedes-Benz,AMG G 63,8,A9,Z,18.1,15.6,17,396,1,3
Mercedes-Benz,AMG GLC 43 4MATIC,6,A9,Z,13,9.8,11.6,271,4,5
Mercedes-Benz,AMG GLC 43 4MATIC Coupe,6,A9,Z,13,9.8,11.6,272,4,5
Mercedes-Benz,AMG GLC 63 S 4MATIC+,8,A9,Z,15,10.9,13.2,309,3,5
Mercedes-Benz,AMG GLC 63 S 4MATIC+ Coupe,8,A9,Z,15,10.9,13.2,309,3,5
Mercedes-Benz,AMG GLE 53 4MATIC+,6,A9,Z,13.2,10.8,12.1,285,3,6
Mercedes-Benz,AMG GT 53 4MATIC+ ,6,A9,Z,12.4,9.8,11.2,264,4,6
Mercedes-Benz,AMG GT 63 4MATIC+ ,8,A9,Z,15.5,11.5,13.7,323,3,5
Mercedes-Benz,AMG GT 63 S 4MATIC+ ,8,A9,Z,15.6,11.5,13.7,324,3,5
Mercedes-Benz,AMG GT C Coupe,8,AM7,Z,15.2,11.3,13.5,315,3,3
Mercedes-Benz,AMG GT C Roadster,8,AM7,Z,15.8,11.7,14,326,3,3
Mercedes-Benz,AMG GT R Coupe,8,AM7,Z,15.9,11.8,14,327,3,3
Mercedes-Benz,AMG GT R Roadster,8,AM7,Z,15.9,11.8,14,327,3,3
Mercedes-Benz,AMG S 63 4MATIC+,8,A9,Z,14.1,8.9,11.8,275,4,5
Mercedes-Benz,AMG S 63 4MATIC+ Cabriolet,8,A9,Z,15.8,9.8,13.1,306,3,5
Mercedes-Benz,AMG S 63 4MATIC+ Coupe,8,A9,Z,14,8.7,11.6,271,4,5
Mercedes-Benz,AMG S 65,12,A7,Z,18.6,10.9,15.1,356,2,3
Mercedes-Benz,AMG SLC 43 ,6,A9,Z,11.8,8.2,10.2,238,5,5
Mercedes-Benz,C 300 4MATIC,4,A9,Z,11,7.3,9.4,219,5,6
Mercedes-Benz,C 300 4MATIC Cabriolet,4,A9,Z,11.3,8.1,9.9,231,5,6
Mercedes-Benz,C 300 4MATIC Coupe,4,A9,Z,10.9,7.7,9.5,221,5,6
Mercedes-Benz,C 300 4MATIC Wagon,4,A9,Z,10.9,7.7,9.5,221,5,6
Mercedes-Benz,CLA 250 4MATIC ,4,AM7,Z,10.1,7.2,8.8,204,6,5
Mercedes-Benz,CLS 450 4MATIC,6,A9,Z,10.1,7.9,9.1,213,5,6
Mercedes-Benz,E 350 4MATIC,4,A9,Z,10.8,7.8,9.4,220,5,6
Mercedes-Benz,E 450 4MATIC,6,A9,Z,11.8,8.5,10.4,243,5,5
Mercedes-Benz,E 450 4MATIC Cabriolet,6,A9,Z,12.7,10.1,11.6,271,4,5
Mercedes-Benz,E 450 4MATIC Coupe,6,A9,Z,12.5,9.1,11,257,4,5
Mercedes-Benz,E 450 4MATIC Wagon,6,A9,Z,12.3,8.9,10.8,254,4,5
Mercedes-Benz,G 550,8,A9,Z,18,14.1,16.3,378,2,3
Mercedes-Benz,GLA 250 4MATIC,4,AM7,Z,10.2,7.5,9,211,5,5
Mercedes-Benz,GLB 250 4MATIC,4,AM8,Z,10.1,7.7,9,210,5,6
Mercedes-Benz,GLC 300 4MATIC,4,A9,Z,11.2,8.5,10,234,5,6
Mercedes-Benz,GLC 300 4MATIC Coupe,4,A9,Z,11.2,8.7,10,236,5,6
Mercedes-Benz,GLE 350 4MATIC,4,A9,Z,12.1,8.8,10.6,249,4,5
Mercedes-Benz,GLE 450 4MATIC,6,A9,Z,12.1,9.9,11.1,262,4,6
Mercedes-Benz,GLS 450 4MATIC,6,A9,Z,12.2,10.4,11.4,266,4,6
Mercedes-Benz,GLS 580 4MATIC,8,A9,Z,14.3,11.4,13,302,3,5
Mercedes-Benz,Maybach S 560 4MATIC,8,A9,Z,14.4,9.5,12.2,286,3,5
Mercedes-Benz,Maybach S 650,12,A7,Z,18.4,11.1,15.1,355,2,3
Mercedes-Benz,Metris Cargo,4,A7,Z,11.1,9.8,10.5,247,4,5
Mercedes-Benz,Metris Cargo LWB,4,A7,Z,11.1,9.7,10.5,246,5,5
Mercedes-Benz,Metris Passenger,4,A7,Z,11.8,9.9,11,257,4,5
Mercedes-Benz,S 450 4MATIC SWB,6,A9,Z,12.8,8.5,10.8,253,4,3
Mercedes-Benz,S 560 4MATIC,8,A9,Z,13.5,8.6,11.3,265,4,5
Mercedes-Benz,S 560 4MATIC SWB,8,A9,Z,13.7,8.8,11.5,268,4,5
Mercedes-Benz,S 560 Cabriolet,8,A9,Z,13.8,9.1,11.7,273,4,5
Mercedes-Benz,S 560 4MATIC Coupe,8,A9,Z,13.8,8.8,11.5,270,4,5
Mercedes-Benz,SL 450 ,6,A9,Z,12.1,8.5,10.5,241,5,3
Mercedes-Benz,SL 550,8,A9,Z,13.5,9.3,11.6,270,4,3
Mercedes-Benz,SLC 300,4,A9,Z,10.1,7.3,8.8,206,6,3
MINI,Cooper 3 Door,3,AM7,Z,8.3,6.4,7.5,174,7,7
MINI,Cooper 5 Door,3,AM7,Z,8.3,6.4,7.5,174,7,7
MINI,Cooper Clubman ALL4,3,AS8,Z,9.7,7,8.5,197,6,7
MINI,Cooper Convertible,3,AM7,Z,8.3,6.4,7.5,174,7,7
MINI,Cooper Countryman ALL4,3,AS8,Z,9.8,7.1,8.6,200,6,7
MINI,Cooper S 3 Door,4,AM7,Z,8.9,6.6,7.9,184,7,7
MINI,Cooper S 5 Door,4,AM7,Z,8.9,6.6,7.9,184,7,7
MINI,Cooper S Clubman ALL4,4,AS8,Z,10.2,7.4,8.9,207,6,7
MINI,Cooper S Convertible,4,AM7,Z,9.2,6.9,8.1,191,6,7
MINI,Cooper S Countryman ALL4,4,AS8,Z,10.4,7.5,9.1,212,5,7
MINI,John Cooper Works 3 Door,4,AS8,Z,9.2,6.9,8.1,190,6,7
MINI,John Cooper Works Clubman ALL4,4,AS8,Z,10.1,7.6,9,210,5,3
MINI,John Cooper Works Convertible,4,AS8,Z,9.4,7.1,8.3,194,6,7
MINI,John Cooper Works Countryman ALL4,4,AS8,Z,10,7.8,9,210,5,3
Mitsubishi,Eclipse Cross 4WD,4,AV8,X,9.6,8.9,9.3,216,5,5
Mitsubishi,Mirage,3,AV,X,6.6,5.6,6.2,143,9,5
Mitsubishi,Mirage,3,M5,X,7.1,5.8,6.5,151,8,5
Mitsubishi,Outlander 4WD,4,AV6,X,9.9,8.1,9.1,212,5,5
Mitsubishi,Outlander 4WD,6,A6,Z,12,8.8,10.6,246,4,5
Mitsubishi,RVR,4,AV6,X,9.7,7.8,8.8,206,6,5
Mitsubishi,RVR 4WD,4,AV6,X,10.1,8.2,9.2,213,5,5
Mitsubishi,RVR 4WD,4,AV6,X,10.3,8.3,9.4,218,5,5
Nissan,370Z,6,AS7,Z,12.6,9.3,11.1,261,4,3
Nissan,370Z,6,M6,Z,13.3,9.3,11.5,270,4,3
Nissan,370Z Roadster,6,AS7,Z,13,9.7,11.5,271,4,3
Nissan,370Z Roadster,6,M6,Z,13.6,9.7,11.8,279,4,3
Nissan,Altima AWD,4,AV,X,9.1,6.5,7.9,186,7,7
Nissan,Altima AWD SR/Platinum,4,AV,X,9.3,6.7,8.1,190,6,7
Nissan,Armada 4WD,8,AS7,X,17.5,12.9,15.4,362,2,3
Nissan,Frontier,6,AS9,X,13.1,9.8,11.6,273,4,5
Nissan,Frontier 4WD,6,AS9,X,13.8,10.2,12.2,287,3,5
Nissan,GT-R,6,AM6,Z,14.4,10.9,12.8,300,3,3
Nissan,Kicks,4,AV,X,7.7,6.6,7.2,169,7,7
Nissan,Maxima,6,AV7,Z,11.6,7.9,9.9,233,5,3
Nissan,Murano,6,AV7,X,11.7,8.3,10.2,240,5,5
Nissan,Murano AWD,6,AV7,X,11.7,8.5,10.3,242,5,5
Nissan,NV200 Cargo Van,4,AV,X,9.8,8.8,9.3,218,5,3
Nissan,Qashqai,4,AV8,X,8.8,7.4,8.2,192,6,5
Nissan,Qashqai,4,M6,X,10.1,8.2,9.2,217,5,5
Nissan,Qashqai AWD,4,AV8,X,9,7.7,8.4,198,6,5
Nissan,Pathfinder,6,AV,X,11.6,8.5,10.2,240,5,5
Nissan,Pathfinder 4WD,6,AV,X,12.1,8.9,10.7,251,4,5
Nissan,Pathfinder 4WD Platinum,6,AV,X,12.4,9.2,11,257,4,3
Nissan,Rogue,4,AV,X,9.1,7.1,8.2,192,6,7
Nissan,Rogue AWD,4,AV,X,9.6,7.5,8.7,204,6,7
Nissan,Sentra,4,AV,X,8,6,7.1,167,7,7
Nissan,Sentra SR,4,AV,X,8.2,6.2,7.3,171,7,7
Nissan,Sentra,4,M6,X,9.4,6.4,8,188,6,7
Nissan,Titan 4WD,8,AS9,Z,15.1,11.1,13.3,313,3,5
Nissan,Titan 4WD Pro-4X,8,AS9,Z,15.1,11.2,13.3,313,3,5
Nissan,Versa,4,AV,X,7.4,5.9,6.7,158,8,7
Nissan,Versa,4,M5,X,8.6,6.7,7.7,181,7,7
Porsche,718 Boxster,4,AM7,Z,11,8.7,10,233,5,1
Porsche,718 Boxster,4,M6,Z,11.7,8.9,10.5,245,5,1
Porsche,718 Boxster S,4,AM7,Z,12.2,9.2,10.9,255,4,1
Porsche,718 Boxster S,4,M6,Z,12.5,9.6,11.2,263,4,1
Porsche,718 Boxster T,4,AM7,Z,11.2,8.7,10.1,236,5,1
Porsche,718 Boxster T,4,M6,Z,11.7,8.9,10.5,245,5,1
Porsche,718 Cayman,4,AM7,Z,11,8.7,10,233,5,1
Porsche,718 Cayman,4,M6,Z,11.7,8.9,10.5,245,5,1
Porsche,718 Cayman GT4,6,M6,Z,14.3,10.4,12.5,294,3,3
Porsche,718 Cayman S,4,AM7,Z,12.2,9.2,10.9,255,4,1
Porsche,718 Cayman S,4,M6,Z,12.5,9.6,11.2,263,4,1
Porsche,718 Cayman T,4,AM7,Z,11.2,8.7,10.1,236,5,1
Porsche,718 Cayman T,4,M6,Z,11.7,8.9,10.5,245,5,1
Porsche,718 Spyder,6,M6,Z,14.3,10.4,12.5,294,3,3
Porsche,911 Carrera,6,AM8,Z,13.1,9.8,11.6,273,4,5
Porsche,911 Carrera Cabriolet,6,AM8,Z,13.6,10,12,282,4,5
Porsche,911 Carrera S,6,AM8,Z,13.1,9.7,11.5,276,4,5
Porsche,911 Carrera S,6,M7,Z,13.8,9.3,11.8,275,4,5
Porsche,911 Carrera S Cabriolet,6,AM8,Z,12.7,10.2,11.6,276,4,5
Porsche,911 Carrera S Cabriolet,6,M7,Z,13.8,9.3,11.8,275,4,5
Porsche,911 Carrera 4,6,AM8,Z,13.1,9.8,11.6,275,4,5
Porsche,911 Carrera 4 Cabriolet,6,AM8,Z,13.1,9.7,11.6,275,4,5
Porsche,911 Carrera 4S,6,AM8,Z,13.1,10.2,11.8,277,4,5
Porsche,911 Carrera 4S,6,M7,Z,13.8,9.8,12,275,4,5
Porsche,911 Carrera 4S Cabriolet,6,AM8,Z,13.1,10.2,11.8,277,4,5
Porsche,911 Carrera 4S Cabriolet,6,M7,Z,13.8,9.7,12,280,4,5
Porsche,Cayenne,6,AS8,Z,12.5,10.3,11.5,269,4,5
Porsche,Cayenne Coupe,6,AS8,Z,12.7,10.3,11.6,271,4,5
Porsche,Cayenne S,6,AS8,Z,13.1,10.5,11.9,278,4,5
Porsche,Cayenne S Coupe,6,AS8,Z,13.4,10.9,12.3,286,3,5
Porsche,Cayenne Turbo,8,AS8,Z,15.6,12.4,14.1,329,3,3
Porsche,Cayenne Turbo Coupe,8,AS8,Z,15.8,12.2,14.2,332,3,3
Porsche,Macan,4,AM7,Z,12.2,10.2,11.3,265,4,5
Porsche,Macan GTS,6,AM7,Z,13.5,10.5,12.2,285,3,5
Porsche,Macan S,6,AM7,Z,12.9,10.2,11.7,272,4,5
Porsche,Macan Turbo,6,AM7,Z,13.5,10.7,12.3,288,3,5
Porsche,Panamera,6,AM8,Z,12.4,8.7,10.7,250,4,5
Porsche,Panamera 4,6,AM8,Z,12.4,9,10.9,253,4,5
Porsche,Panamera 4 Executive,6,AM8,Z,12.4,9,10.9,253,4,5
Porsche,Panamera 4 ST,6,AM8,Z,12.2,8.9,10.7,250,4,5
Porsche,Panamera 4S,6,AM8,Z,13.1,8.9,11.2,260,4,5
Porsche,Panamera 4S Executive,6,AM8,Z,13.1,8.9,11.2,260,4,5
Porsche,Panamera 4S ST,6,AM8,Z,13.1,9.8,11.6,273,4,5
Porsche,Panamera GTS,8,AM8,Z,14.5,10.2,12.6,295,3,3
Porsche,Panamera GTS ST,8,AM8,Z,15.7,10.5,13.4,313,3,3
Porsche,Panamera Turbo,8,AM8,Z,12.8,9.2,11.2,261,4,3
Porsche,Panamera Turbo Executive,8,AM8,Z,12.8,9.2,11.2,261,4,3
Porsche,Panamera Turbo ST,8,AM8,Z,13.4,10.1,11.9,279,4,3
Ram,1500 EcoDiesel,6,A8,D,10.5,7.3,9,243,5,1
Ram,1500 eTorque,6,A8,X,11.9,9.4,10.8,253,4,5
Ram,1500 HFE eTorque,6,A8,X,11.6,9,10.4,245,5,5
Ram,1500,8,A8,X,16.2,10.5,13.6,320,3,3
Ram,1500 eTorque,8,A8,X,14.1,10.3,12.4,290,3,3
Ram,1500 4X4 EcoDiesel,6,A8,D,11.1,8,9.7,260,4,1
Ram,1500 4X4 eTorque,6,A8,X,12.2,9.7,11.1,260,4,5
Ram,1500 4X4,8,A8,X,16.1,11,13.8,325,3,3
Ram,1500 4X4 eTorque,8,A8,X,14.2,10.9,12.8,299,3,3
Ram,1500 Classic,6,A8,X,13.9,9.6,11.9,280,4,3
Ram,1500 Classic,8,A8,X,15.7,11,13.6,319,3,3
Ram,1500 Classic 4X4,6,A8,X,14.5,10.2,12.6,294,3,3
Ram,1500 Classic 4X4,8,A8,X,16.2,11.6,14.1,330,3,3
Ram,ProMaster City,4,A9,X,11.2,8.3,9.9,232,5,6
Rolls-Royce,Cullinan,12,AS8,Z,20.1,12.1,16.5,386,1,3
Rolls-Royce,Cullinan Black Badge,12,AS8,Z,20.1,12.1,16.5,386,1,3
Rolls-Royce,Dawn,12,AS8,Z,20.4,13.1,17.1,400,1,3
Rolls-Royce,Dawn Black Badge,12,AS8,Z,20.4,13.1,17.1,400,1,3
Rolls-Royce,Ghost,12,AS8,Z,20.4,13.1,17.1,400,1,3
Rolls-Royce,Ghost EWB,12,AS8,Z,20.4,13.1,17.1,400,1,3
Rolls-Royce,Phantom,12,AS8,Z,20,11.8,16.3,382,1,3
Rolls-Royce,Phantom EWB,12,AS8,Z,20,11.8,16.3,382,1,3
Rolls-Royce,Wraith,12,AS8,Z,19.6,12.8,16.5,387,1,3
Rolls-Royce,Wraith Black Badge,12,AS8,Z,19.6,12.8,16.5,387,1,3
Subaru,Ascent AWD,4,AV8,X,11.6,9,10.4,244,5,3
Subaru,BRZ,4,AS6,Z,9.7,7.2,8.6,200,6,1
Subaru,BRZ,4,M6,Z,11.2,8.2,9.9,231,5,1
Subaru,BRZ tS,4,M6,Z,11.6,8.6,10.2,239,5,1
Subaru,Crosstrek AWD,4,AV8,X,8.5,7,7.9,185,7,6
Subaru,Crosstrek AWD,4,M6,X,10.5,8.1,9.4,220,5,6
Subaru,Forester AWD,4,AV7,X,9,7.2,8.2,192,6,6
Subaru,Impreza 4-Door AWD,4,AV7,X,8.3,6.4,7.5,174,7,6
Subaru,Impreza 4-Door AWD,4,M5,X,10.1,7.6,9,210,5,6
Subaru,Impreza 5-Door AWD,4,AV7,X,8.4,6.6,7.6,178,7,6
Subaru,Impreza 5-Door AWD,4,M5,X,10.1,7.7,9,211,5,6
Subaru,Legacy AWD,4,AV8,X,9.9,7.3,8.7,205,6,3
Subaru,Legacy AWD,4,AV8,X,8.8,6.7,7.9,185,7,6
Subaru,Outback AWD,4,AV8,X,10.1,7.9,9.1,213,5,3
Subaru,Outback AWD,4,AV8,X,9,7.1,8.2,192,6,6
Subaru,WRX AWD,4,AV8,Z,12.9,9.7,11.5,263,4,1
Subaru,WRX AWD,4,M6,Z,11.3,8.5,10.1,236,5,1
Subaru,WRX STI AWD,4,M6,Z,14.3,10.8,12.7,297,3,1
Toyota,4Runner 4WD,6,AS5,X,14.8,12.5,13.8,321,3,5
Toyota,4Runner 4WD (Part-Time 4WD),6,AS5,X,14.8,12.5,13.8,321,3,5
Toyota,86,4,AS6,Z,9.9,7.3,8.7,204,6,1
Toyota,86,4,M6,Z,11.2,8.3,9.9,232,5,1
Toyota,Avalon,6,AS8,X,10.9,7.6,9.4,220,5,5
Toyota,C-HR,4,AS7,X,8.7,7.5,8.2,189,6,3
Toyota,Camry,4,AS8,X,8.1,5.7,6.9,164,8,7
Toyota,Camry LE/SE,4,AS8,X,8.5,6.1,7.4,173,7,7
Toyota,Camry XLE/XSE,4,AS8,X,8.6,6.3,7.6,177,7,7
Toyota,Camry,6,AS8,X,10.5,7.1,9,210,5,5
Toyota,Camry XSE,6,AS8,X,10.7,7.4,9.2,215,5,5
Toyota,Camry TRD,6,AS8,X,10.8,7.6,9.4,220,5,5
Toyota,Camry AWD LE/SE,4,AS8,X,9.3,6.8,8.2,190,6,6
Toyota,Camry AWD XLE/XSE,4,AS8,X,9.5,7,8.4,197,6,6
Toyota,Camry Hybrid LE,4,AV,X,4.9,4.8,4.9,113,10,7
Toyota,Camry Hybrid XLE/SE,4,AV,X,5.3,5,5.1,121,10,7
Toyota,Corolla,4,AV,X,7.9,6.1,7.1,165,7,5
Toyota,Corolla XLE,4,AV,X,8.1,6.3,7.3,170,7,5
Toyota,Corolla,4,M6,X,8,6,7.1,165,7,5
Toyota,Corolla,4,AV10,X,7.6,5.8,6.7,158,8,6
Toyota,Corolla XSE,4,AV10,X,7.7,6.1,7,164,8,6
Toyota,Corolla,4,M6,X,8.2,6.5,7.4,173,7,6
Toyota,Corolla Hatchback,4,AV10,X,7.5,5.8,6.7,158,8,6
Toyota,Corolla Hatchback,4,M6,X,8.4,6.3,7.5,174,7,6
Toyota,Corolla Hybrid,4,AV,X,4.4,4.5,4.5,106,10,7
Toyota,GR Supra,6,AS8,Z,9.9,7.7,8.9,208,6,3
Toyota,Highlander,6,AS8,X,11.9,8.3,10.3,240,5,5
Toyota,Highlander AWD,6,AS8,X,11.7,8.6,10.3,240,5,5
Toyota,Highlander Hybrid AWD,4,AV,X,6.7,6.8,6.7,158,8,7
Toyota,Highlander Hybrid AWD Limited/Platinum,4,AV,X,6.6,6.8,6.7,156,8,7
Toyota,Prius,4,AV,X,4.4,4.7,4.5,106,10,7
Toyota,Prius AWD,4,AV,X,4.5,4.9,4.7,109,10,7
Toyota,Prius c,4,AV,X,4.9,5.5,5.1,120,10,7
Toyota,RAV4,4,AS8,X,8.8,6.8,7.9,184,7,6
Toyota,RAV4 AWD,4,AS8,X,9.2,7.1,8.2,194,6,6
Toyota,RAV4 AWD TRD Off-Road,4,AS8,X,9.5,7.5,8.6,200,6,6
Toyota,RAV4 Hybrid AWD,4,AV,X,5.7,6.3,6,139,9,7
Toyota,Sequoia 4WD,8,AS6,X,18.5,13.9,16.4,385,1,5
Toyota,Sienna,6,AS8,X,12.6,9.1,11,259,4,5
Toyota,Sienna AWD,6,AS8,X,13.4,9.6,11.7,274,4,5
Toyota,Tacoma,4,AS6,X,12.1,10.1,11.2,263,4,5
Toyota,Tacoma 4WD,4,AS6,X,12.7,10.6,11.7,274,4,5
Toyota,Tacoma 4WD,6,AS6,X,13,10.5,11.9,278,4,5
Toyota,Tacoma 4WD,6,M6,X,13.8,11.4,12.7,299,3,5
Toyota,Tacoma 4WD D-Cab TRD Off-Road/Pro,6,M6,X,13.8,11.7,12.9,300,3,5
Toyota,Tundra,8,AS6,X,17.7,13.6,15.9,371,2,5
Toyota,Tundra 4WD,8,AS6,X,18,14.2,16.3,381,1,5
Toyota,Yaris,4,AS6,X,7.3,5.9,6.6,155,8,3
Toyota,Yaris (SIL),4,M6,X,7.8,6.1,6.9,165,8,3
Volkswagen,Arteon 4MOTION,4,AS8,Z,11.5,8.2,10,234,5,3
Volkswagen,Atlas Cross Sport 4MOTION,4,AS8,X,12.8,10.4,11.7,273,4,3
Volkswagen,Atlas Cross Sport 4MOTION,6,AS8,X,14.3,10.7,12.7,297,3,5
Volkswagen,Golf,4,AS8,X,8.1,6.6,7.4,174,7,7
Volkswagen,Golf,4,M6,X,8.4,6.6,7.6,177,7,7
Volkswagen,Golf GTI,4,AM7,X,9.7,7.5,8.7,203,6,7
Volkswagen,Golf GTI,4,M6,X,9.8,7.3,8.7,203,6,7
Volkswagen,Jetta,4,AS8,X,7.8,5.9,7,162,8,5
Volkswagen,Jetta,4,M6,X,7.9,5.9,7,163,8,7
Volkswagen,Jetta GLI,4,AM7,X,9.3,7.2,8.4,196,6,7
Volkswagen,Jetta GLI,4,M6,X,9.6,7.1,8.5,198,6,7
Volkswagen,Passat,4,AS6,X,10.2,6.9,8.7,205,6,7
Volkswagen,Tiguan,4,AS8,X,10.5,8.1,9.4,221,5,7
Volkswagen,Tiguan 4MOTION,4,AS8,X,11.5,8.7,10.2,241,5,7
Volvo,S60 T5,4,AS8,Z,10.5,7.1,8.9,208,6,5
Volvo,S60 T6 AWD,4,AS8,Z,11,7.4,9.4,219,5,7
Volvo,S90 T6 AWD,4,AS8,Z,11.3,7.5,9.6,223,5,7
Volvo,V60 T5,4,AS8,Z,10.5,7.1,8.9,208,6,5
Volvo,V60 T6 AWD,4,AS8,Z,11,7.4,9.4,219,5,7
Volvo,V60 CC T5 AWD,4,AS8,Z,10.8,7.7,9.4,220,5,5
Volvo,XC40 T4,4,AS8,X,10.1,7.2,8.8,205,6,5
Volvo,XC40 T4 AWD,4,AS8,X,10.2,7.5,9,210,5,5
Volvo,XC40 T5 AWD,4,AS8,Z,10.7,7.7,9.4,219,5,5
Volvo,XC60 T5 AWD,4,AS8,Z,11.2,8.3,9.9,232,5,5
Volvo,XC60 T6 AWD,4,AS8,Z,11.7,8.6,10.3,240,5,7
Volvo,XC90 T5 AWD,4,AS8,Z,11.2,8.3,9.9,232,5,5
Volvo,XC90 T6 AWD,4,AS8,Z,12.2,8.7,10.7,248,4,7
